{
  "friends": [{
    "title" : "Class Friend",
    "name": "Ajay Negi",
    "shortname" : "Ajay",
    "summary" : "Intro",
    "description": "<p>Ajay was born in D.Dun </p>"
    },{
    "title" : "Best Friend ",
    "name": "Manpreet",
    "shortname" : "Manpreet",
    "summary": "Intro",
    "description": "<p>Manpreet was born in D.dun</p>"
  },{
    "title" : "ME",
    "name": "Apoorv",
    "shortname" : "Apoorv",
    "summary": "INTRO",
    "description": "<p>Apoorv was born in Lucknow</p>"

  }]
}
